<?xml version="1.0" encoding="UTF-8"?>
<export version="E">
  <design>
    <source>/Users/thomas/Documents/test/test/STM32/STM32.kicad_sch</source>
    <date>2023 April 07, Friday 09:09:48</date>
    <tool>Eeschema 7.0.1-0</tool>
    <sheet number="1" name="/" tstamps="/">
      <title_block>
        <title>STM32</title>
        <company>Thomas Lab</company>
        <rev>0.1</rev>
        <date>2023-04-05</date>
        <source>STM32.kicad_sch</source>
        <comment number="1" value=""/>
        <comment number="2" value=""/>
        <comment number="3" value=""/>
        <comment number="4" value=""/>
        <comment number="5" value=""/>
        <comment number="6" value=""/>
        <comment number="7" value=""/>
        <comment number="8" value=""/>
        <comment number="9" value=""/>
      </title_block>
    </sheet>
  </design>
  <components>
    <comp ref="C1">
      <value>22u</value>
      <footprint>Capacitor_SMD:C_0805_2012Metric</footprint>
      <libsource lib="Device" part="C" description="Unpolarized capacitor"/>
      <property name="Sheetname" value=""/>
      <property name="Sheetfile" value="STM32.kicad_sch"/>
      <property name="ki_description" value="Unpolarized capacitor"/>
      <property name="ki_keywords" value="cap capacitor"/>
      <sheetpath names="/" tstamps="/"/>
      <tstamps>bacfa425-0a86-45ed-8728-08a93203d412</tstamps>
    </comp>
    <comp ref="C2">
      <value>22u</value>
      <footprint>Capacitor_SMD:C_0805_2012Metric</footprint>
      <libsource lib="Device" part="C" description="Unpolarized capacitor"/>
      <property name="Sheetname" value=""/>
      <property name="Sheetfile" value="STM32.kicad_sch"/>
      <property name="ki_description" value="Unpolarized capacitor"/>
      <property name="ki_keywords" value="cap capacitor"/>
      <sheetpath names="/" tstamps="/"/>
      <tstamps>f7a0db5c-d522-414f-952a-8a5343f31309</tstamps>
    </comp>
    <comp ref="C3">
      <value>10u</value>
      <footprint>Capacitor_SMD:C_0603_1608Metric</footprint>
      <libsource lib="Device" part="C" description="Unpolarized capacitor"/>
      <property name="Sheetname" value=""/>
      <property name="Sheetfile" value="STM32.kicad_sch"/>
      <property name="ki_description" value="Unpolarized capacitor"/>
      <property name="ki_keywords" value="cap capacitor"/>
      <sheetpath names="/" tstamps="/"/>
      <tstamps>163e7940-8f41-4fcc-80d8-221326f69440</tstamps>
    </comp>
    <comp ref="C4">
      <value>100n</value>
      <footprint>Capacitor_SMD:C_0402_1005Metric</footprint>
      <libsource lib="Device" part="C" description="Unpolarized capacitor"/>
      <property name="Sheetname" value=""/>
      <property name="Sheetfile" value="STM32.kicad_sch"/>
      <property name="ki_description" value="Unpolarized capacitor"/>
      <property name="ki_keywords" value="cap capacitor"/>
      <sheetpath names="/" tstamps="/"/>
      <tstamps>8fe8c355-3562-4cb4-9492-28952ad68c14</tstamps>
    </comp>
    <comp ref="C5">
      <value>100n</value>
      <footprint>Capacitor_SMD:C_0402_1005Metric</footprint>
      <libsource lib="Device" part="C" description="Unpolarized capacitor"/>
      <property name="Sheetname" value=""/>
      <property name="Sheetfile" value="STM32.kicad_sch"/>
      <property name="ki_description" value="Unpolarized capacitor"/>
      <property name="ki_keywords" value="cap capacitor"/>
      <sheetpath names="/" tstamps="/"/>
      <tstamps>5e547161-135b-4616-8256-78d266b7ab7b</tstamps>
    </comp>
    <comp ref="C6">
      <value>100n</value>
      <footprint>Capacitor_SMD:C_0402_1005Metric</footprint>
      <libsource lib="Device" part="C" description="Unpolarized capacitor"/>
      <property name="Sheetname" value=""/>
      <property name="Sheetfile" value="STM32.kicad_sch"/>
      <property name="ki_description" value="Unpolarized capacitor"/>
      <property name="ki_keywords" value="cap capacitor"/>
      <sheetpath names="/" tstamps="/"/>
      <tstamps>ff516cff-864c-42db-9da6-cb1a4837b983</tstamps>
    </comp>
    <comp ref="C7">
      <value>100n</value>
      <footprint>Capacitor_SMD:C_0402_1005Metric</footprint>
      <libsource lib="Device" part="C" description="Unpolarized capacitor"/>
      <property name="Sheetname" value=""/>
      <property name="Sheetfile" value="STM32.kicad_sch"/>
      <property name="ki_description" value="Unpolarized capacitor"/>
      <property name="ki_keywords" value="cap capacitor"/>
      <sheetpath names="/" tstamps="/"/>
      <tstamps>faffb653-aeaf-4296-8e49-33f30c0cf4e0</tstamps>
    </comp>
    <comp ref="C8">
      <value>10n</value>
      <footprint>Capacitor_SMD:C_0402_1005Metric</footprint>
      <libsource lib="Device" part="C" description="Unpolarized capacitor"/>
      <property name="Sheetname" value=""/>
      <property name="Sheetfile" value="STM32.kicad_sch"/>
      <property name="ki_description" value="Unpolarized capacitor"/>
      <property name="ki_keywords" value="cap capacitor"/>
      <sheetpath names="/" tstamps="/"/>
      <tstamps>21714476-cebd-4da8-a68e-3c7db4f8c7dd</tstamps>
    </comp>
    <comp ref="C9">
      <value>1u</value>
      <footprint>Capacitor_SMD:C_0402_1005Metric</footprint>
      <libsource lib="Device" part="C" description="Unpolarized capacitor"/>
      <property name="Sheetname" value=""/>
      <property name="Sheetfile" value="STM32.kicad_sch"/>
      <property name="ki_description" value="Unpolarized capacitor"/>
      <property name="ki_keywords" value="cap capacitor"/>
      <sheetpath names="/" tstamps="/"/>
      <tstamps>b1056f30-644c-459c-8cbc-771995af4827</tstamps>
    </comp>
    <comp ref="C10">
      <value>1u</value>
      <footprint>Capacitor_SMD:C_0402_1005Metric</footprint>
      <libsource lib="Device" part="C" description="Unpolarized capacitor"/>
      <property name="Sheetname" value=""/>
      <property name="Sheetfile" value="STM32.kicad_sch"/>
      <property name="ki_description" value="Unpolarized capacitor"/>
      <property name="ki_keywords" value="cap capacitor"/>
      <sheetpath names="/" tstamps="/"/>
      <tstamps>beaa7021-931c-434c-8474-7a0db0bfa732</tstamps>
    </comp>
    <comp ref="C11">
      <value>100n</value>
      <footprint>Capacitor_SMD:C_0402_1005Metric</footprint>
      <libsource lib="Device" part="C" description="Unpolarized capacitor"/>
      <property name="Sheetname" value=""/>
      <property name="Sheetfile" value="STM32.kicad_sch"/>
      <property name="ki_description" value="Unpolarized capacitor"/>
      <property name="ki_keywords" value="cap capacitor"/>
      <sheetpath names="/" tstamps="/"/>
      <tstamps>ba59337f-0f5e-4b25-8b79-92a4f7dd1b77</tstamps>
    </comp>
    <comp ref="C12">
      <value>10p</value>
      <footprint>Capacitor_SMD:C_0402_1005Metric</footprint>
      <libsource lib="Device" part="C" description="Unpolarized capacitor"/>
      <property name="Sheetname" value=""/>
      <property name="Sheetfile" value="STM32.kicad_sch"/>
      <property name="ki_description" value="Unpolarized capacitor"/>
      <property name="ki_keywords" value="cap capacitor"/>
      <sheetpath names="/" tstamps="/"/>
      <tstamps>973d0bdc-8111-42e2-87b3-6deb59c4a3a3</tstamps>
    </comp>
    <comp ref="C13">
      <value>10p</value>
      <footprint>Capacitor_SMD:C_0402_1005Metric</footprint>
      <libsource lib="Device" part="C" description="Unpolarized capacitor"/>
      <property name="Sheetname" value=""/>
      <property name="Sheetfile" value="STM32.kicad_sch"/>
      <property name="ki_description" value="Unpolarized capacitor"/>
      <property name="ki_keywords" value="cap capacitor"/>
      <sheetpath names="/" tstamps="/"/>
      <tstamps>c7245538-0f86-4941-b1ad-d5ade6dfa8cb</tstamps>
    </comp>
    <comp ref="D1">
      <value>RED</value>
      <footprint>LED_SMD:LED_0603_1608Metric</footprint>
      <libsource lib="Device" part="LED" description="Light emitting diode"/>
      <property name="Sheetname" value=""/>
      <property name="Sheetfile" value="STM32.kicad_sch"/>
      <property name="ki_description" value="Light emitting diode"/>
      <property name="ki_keywords" value="LED diode"/>
      <sheetpath names="/" tstamps="/"/>
      <tstamps>d193c155-8e64-42b3-825e-8815ee8d1c5a</tstamps>
    </comp>
    <comp ref="FB1">
      <value>120R</value>
      <footprint>Inductor_SMD:L_0603_1608Metric</footprint>
      <libsource lib="Device" part="FerriteBead" description="Ferrite bead"/>
      <property name="Sheetname" value=""/>
      <property name="Sheetfile" value="STM32.kicad_sch"/>
      <property name="ki_description" value="Ferrite bead"/>
      <property name="ki_keywords" value="L ferrite bead inductor filter"/>
      <sheetpath names="/" tstamps="/"/>
      <tstamps>54317bba-3612-4567-a482-b9c6046cba07</tstamps>
    </comp>
    <comp ref="H1">
      <value>MountingHole</value>
      <footprint>MountingHole:MountingHole_2.2mm_M2</footprint>
      <libsource lib="Mechanical" part="MountingHole" description="Mounting Hole without connection"/>
      <property name="Sheetname" value=""/>
      <property name="Sheetfile" value="STM32.kicad_sch"/>
      <property name="ki_description" value="Mounting Hole without connection"/>
      <property name="ki_keywords" value="mounting hole"/>
      <sheetpath names="/" tstamps="/"/>
      <tstamps>c2006997-1f20-440e-904a-3e171b423561</tstamps>
    </comp>
    <comp ref="H2">
      <value>MountingHole</value>
      <footprint>MountingHole:MountingHole_2.2mm_M2</footprint>
      <libsource lib="Mechanical" part="MountingHole" description="Mounting Hole without connection"/>
      <property name="Sheetname" value=""/>
      <property name="Sheetfile" value="STM32.kicad_sch"/>
      <property name="ki_description" value="Mounting Hole without connection"/>
      <property name="ki_keywords" value="mounting hole"/>
      <sheetpath names="/" tstamps="/"/>
      <tstamps>96bd7321-ef2e-47bf-acd8-825e84cb93d8</tstamps>
    </comp>
    <comp ref="H3">
      <value>MountingHole</value>
      <footprint>MountingHole:MountingHole_2.2mm_M2</footprint>
      <libsource lib="Mechanical" part="MountingHole" description="Mounting Hole without connection"/>
      <property name="Sheetname" value=""/>
      <property name="Sheetfile" value="STM32.kicad_sch"/>
      <property name="ki_description" value="Mounting Hole without connection"/>
      <property name="ki_keywords" value="mounting hole"/>
      <sheetpath names="/" tstamps="/"/>
      <tstamps>c66220f1-5fc6-499d-8fd4-2d0c24e11443</tstamps>
    </comp>
    <comp ref="H4">
      <value>MountingHole</value>
      <footprint>MountingHole:MountingHole_2.2mm_M2</footprint>
      <libsource lib="Mechanical" part="MountingHole" description="Mounting Hole without connection"/>
      <property name="Sheetname" value=""/>
      <property name="Sheetfile" value="STM32.kicad_sch"/>
      <property name="ki_description" value="Mounting Hole without connection"/>
      <property name="ki_keywords" value="mounting hole"/>
      <sheetpath names="/" tstamps="/"/>
      <tstamps>2d55136f-c344-40a1-bf66-f5c171f96f47</tstamps>
    </comp>
    <comp ref="J1">
      <value>USB_B_Micro</value>
      <footprint>Connector_USB:USB_Micro-B_Amphenol_10104110_Horizontal</footprint>
      <libsource lib="Connector" part="USB_B_Micro" description="USB Micro Type B connector"/>
      <property name="Sheetname" value=""/>
      <property name="Sheetfile" value="STM32.kicad_sch"/>
      <property name="ki_description" value="USB Micro Type B connector"/>
      <property name="ki_keywords" value="connector USB micro"/>
      <sheetpath names="/" tstamps="/"/>
      <tstamps>457b43b9-9f02-4299-8d46-3288b0d2e64f</tstamps>
    </comp>
    <comp ref="J2">
      <value>Conn_01x04_Pin</value>
      <footprint>Connector_PinHeader_2.54mm:PinHeader_1x04_P2.54mm_Vertical</footprint>
      <libsource lib="Connector" part="Conn_01x04_Pin" description="Generic connector, single row, 01x04, script generated"/>
      <property name="Sheetname" value=""/>
      <property name="Sheetfile" value="STM32.kicad_sch"/>
      <property name="ki_description" value="Generic connector, single row, 01x04, script generated"/>
      <property name="ki_keywords" value="connector"/>
      <sheetpath names="/" tstamps="/"/>
      <tstamps>2425b1bb-c741-45de-979a-75e8f7e93726</tstamps>
    </comp>
    <comp ref="J3">
      <value>Conn_01x04_Pin</value>
      <footprint>Connector_PinHeader_2.54mm:PinHeader_1x04_P2.54mm_Vertical</footprint>
      <libsource lib="Connector" part="Conn_01x04_Pin" description="Generic connector, single row, 01x04, script generated"/>
      <property name="Sheetname" value=""/>
      <property name="Sheetfile" value="STM32.kicad_sch"/>
      <property name="ki_description" value="Generic connector, single row, 01x04, script generated"/>
      <property name="ki_keywords" value="connector"/>
      <sheetpath names="/" tstamps="/"/>
      <tstamps>f72e49ac-9e55-42bb-baa9-cf5e18c79511</tstamps>
    </comp>
    <comp ref="J4">
      <value>Conn_01x04_Pin</value>
      <footprint>Connector_PinHeader_2.54mm:PinHeader_1x04_P2.54mm_Vertical</footprint>
      <libsource lib="Connector" part="Conn_01x04_Pin" description="Generic connector, single row, 01x04, script generated"/>
      <property name="Sheetname" value=""/>
      <property name="Sheetfile" value="STM32.kicad_sch"/>
      <property name="ki_description" value="Generic connector, single row, 01x04, script generated"/>
      <property name="ki_keywords" value="connector"/>
      <sheetpath names="/" tstamps="/"/>
      <tstamps>41a48de5-6187-4672-b106-2b3ef8925793</tstamps>
    </comp>
    <comp ref="R1">
      <value>1k5</value>
      <footprint>Resistor_SMD:R_0402_1005Metric</footprint>
      <libsource lib="Device" part="R" description="Resistor"/>
      <property name="Sheetname" value=""/>
      <property name="Sheetfile" value="STM32.kicad_sch"/>
      <property name="ki_description" value="Resistor"/>
      <property name="ki_keywords" value="R res resistor"/>
      <sheetpath names="/" tstamps="/"/>
      <tstamps>e9da7e29-dcd2-41d9-b860-2a7d839f5f47</tstamps>
    </comp>
    <comp ref="R2">
      <value>10k</value>
      <footprint>Resistor_SMD:R_0402_1005Metric</footprint>
      <libsource lib="Device" part="R" description="Resistor"/>
      <property name="Sheetname" value=""/>
      <property name="Sheetfile" value="STM32.kicad_sch"/>
      <property name="ki_description" value="Resistor"/>
      <property name="ki_keywords" value="R res resistor"/>
      <sheetpath names="/" tstamps="/"/>
      <tstamps>674a987a-e814-4c66-907a-f03046cba03e</tstamps>
    </comp>
    <comp ref="R3">
      <value>1k5</value>
      <footprint>Resistor_SMD:R_0402_1005Metric</footprint>
      <libsource lib="Device" part="R" description="Resistor"/>
      <property name="Sheetname" value=""/>
      <property name="Sheetfile" value="STM32.kicad_sch"/>
      <property name="ki_description" value="Resistor"/>
      <property name="ki_keywords" value="R res resistor"/>
      <sheetpath names="/" tstamps="/"/>
      <tstamps>2d726e74-59e2-4dee-ace5-1bf25bc3c4d0</tstamps>
    </comp>
    <comp ref="R4">
      <value>1k5</value>
      <footprint>Resistor_SMD:R_0402_1005Metric</footprint>
      <libsource lib="Device" part="R" description="Resistor"/>
      <property name="Sheetname" value=""/>
      <property name="Sheetfile" value="STM32.kicad_sch"/>
      <property name="ki_description" value="Resistor"/>
      <property name="ki_keywords" value="R res resistor"/>
      <sheetpath names="/" tstamps="/"/>
      <tstamps>1d881e89-5866-450c-b758-5badb6e474bb</tstamps>
    </comp>
    <comp ref="R5">
      <value>1k5</value>
      <footprint>Resistor_SMD:R_0402_1005Metric</footprint>
      <libsource lib="Device" part="R" description="Resistor"/>
      <property name="Sheetname" value=""/>
      <property name="Sheetfile" value="STM32.kicad_sch"/>
      <property name="ki_description" value="Resistor"/>
      <property name="ki_keywords" value="R res resistor"/>
      <sheetpath names="/" tstamps="/"/>
      <tstamps>b0a6df9f-e401-4233-8dee-c5356539876b</tstamps>
    </comp>
    <comp ref="SW1">
      <value>SW_SPDT</value>
      <footprint>Button_Switch_SMD:SW_SPDT_PCM12</footprint>
      <libsource lib="Switch" part="SW_SPDT" description="Switch, single pole double throw"/>
      <property name="Sheetname" value=""/>
      <property name="Sheetfile" value="STM32.kicad_sch"/>
      <property name="ki_description" value="Switch, single pole double throw"/>
      <property name="ki_keywords" value="switch single-pole double-throw spdt ON-ON"/>
      <sheetpath names="/" tstamps="/"/>
      <tstamps>a7788b34-5f5a-4b32-9cda-043ef8999c6a</tstamps>
    </comp>
    <comp ref="U1">
      <value>AMS1117-3.3</value>
      <footprint>Package_TO_SOT_SMD:SOT-223-3_TabPin2</footprint>
      <datasheet>http://www.advanced-monolithic.com/pdf/ds1117.pdf</datasheet>
      <libsource lib="Regulator_Linear" part="AMS1117-3.3" description="1A Low Dropout regulator, positive, 3.3V fixed output, SOT-223"/>
      <property name="Sheetname" value=""/>
      <property name="Sheetfile" value="STM32.kicad_sch"/>
      <property name="ki_description" value="1A Low Dropout regulator, positive, 3.3V fixed output, SOT-223"/>
      <property name="ki_keywords" value="linear regulator ldo fixed positive"/>
      <sheetpath names="/" tstamps="/"/>
      <tstamps>00875ebf-9af0-416a-a68a-4b55ad28009f</tstamps>
    </comp>
    <comp ref="U2">
      <value>STM32F103C8T6</value>
      <footprint>Package_QFP:LQFP-48_7x7mm_P0.5mm</footprint>
      <datasheet>https://www.st.com/resource/en/datasheet/stm32f103c8.pdf</datasheet>
      <libsource lib="MCU_ST_STM32F1" part="STM32F103C8Tx" description="STMicroelectronics Arm Cortex-M3 MCU, 64KB flash, 20KB RAM, 72 MHz, 2.0-3.6V, 37 GPIO, LQFP48"/>
      <property name="Sheetname" value=""/>
      <property name="Sheetfile" value="STM32.kicad_sch"/>
      <property name="ki_description" value="STMicroelectronics Arm Cortex-M3 MCU, 64KB flash, 20KB RAM, 72 MHz, 2.0-3.6V, 37 GPIO, LQFP48"/>
      <property name="ki_keywords" value="Arm Cortex-M3 STM32F1 STM32F103"/>
      <sheetpath names="/" tstamps="/"/>
      <tstamps>b6b73ef0-5590-4a13-a6ef-8dc6d9f620f2</tstamps>
    </comp>
    <comp ref="Y1">
      <value>16Mhz</value>
      <footprint>Crystal:Crystal_SMD_3225-4Pin_3.2x2.5mm</footprint>
      <libsource lib="Device" part="Crystal_GND24" description="Four pin crystal, GND on pins 2 and 4"/>
      <property name="Sheetname" value=""/>
      <property name="Sheetfile" value="STM32.kicad_sch"/>
      <property name="ki_description" value="Four pin crystal, GND on pins 2 and 4"/>
      <property name="ki_keywords" value="quartz ceramic resonator oscillator"/>
      <sheetpath names="/" tstamps="/"/>
      <tstamps>0a40caf6-0626-4171-863c-721a1ec2f502</tstamps>
    </comp>
  </components>
  <libparts>
    <libpart lib="Connector" part="Conn_01x04_Pin">
      <description>Generic connector, single row, 01x04, script generated</description>
      <docs>~</docs>
      <footprints>
        <fp>Connector*:*_1x??_*</fp>
      </footprints>
      <fields>
        <field name="Reference">J</field>
        <field name="Value">Conn_01x04_Pin</field>
        <field name="Datasheet">~</field>
      </fields>
      <pins>
        <pin num="1" name="Pin_1" type="passive"/>
        <pin num="2" name="Pin_2" type="passive"/>
        <pin num="3" name="Pin_3" type="passive"/>
        <pin num="4" name="Pin_4" type="passive"/>
      </pins>
    </libpart>
    <libpart lib="Connector" part="USB_B_Micro">
      <description>USB Micro Type B connector</description>
      <docs>~</docs>
      <footprints>
        <fp>USB*</fp>
      </footprints>
      <fields>
        <field name="Reference">J</field>
        <field name="Value">USB_B_Micro</field>
        <field name="Datasheet">~</field>
      </fields>
      <pins>
        <pin num="1" name="VBUS" type="power_out"/>
        <pin num="2" name="D-" type="bidirectional"/>
        <pin num="3" name="D+" type="bidirectional"/>
        <pin num="4" name="ID" type="passive"/>
        <pin num="5" name="GND" type="power_out"/>
        <pin num="6" name="Shield" type="passive"/>
      </pins>
    </libpart>
    <libpart lib="Device" part="C">
      <description>Unpolarized capacitor</description>
      <docs>~</docs>
      <footprints>
        <fp>C_*</fp>
      </footprints>
      <fields>
        <field name="Reference">C</field>
        <field name="Value">C</field>
        <field name="Datasheet">~</field>
      </fields>
      <pins>
        <pin num="1" name="" type="passive"/>
        <pin num="2" name="" type="passive"/>
      </pins>
    </libpart>
    <libpart lib="Device" part="Crystal_GND24">
      <description>Four pin crystal, GND on pins 2 and 4</description>
      <docs>~</docs>
      <footprints>
        <fp>Crystal*</fp>
      </footprints>
      <fields>
        <field name="Reference">Y</field>
        <field name="Value">Crystal_GND24</field>
        <field name="Datasheet">~</field>
      </fields>
      <pins>
        <pin num="1" name="1" type="passive"/>
        <pin num="2" name="2" type="passive"/>
        <pin num="3" name="3" type="passive"/>
        <pin num="4" name="4" type="passive"/>
      </pins>
    </libpart>
    <libpart lib="Device" part="FerriteBead">
      <description>Ferrite bead</description>
      <docs>~</docs>
      <footprints>
        <fp>Inductor_*</fp>
        <fp>L_*</fp>
        <fp>*Ferrite*</fp>
      </footprints>
      <fields>
        <field name="Reference">FB</field>
        <field name="Value">FerriteBead</field>
        <field name="Datasheet">~</field>
      </fields>
      <pins>
        <pin num="1" name="" type="passive"/>
        <pin num="2" name="" type="passive"/>
      </pins>
    </libpart>
    <libpart lib="Device" part="LED">
      <description>Light emitting diode</description>
      <docs>~</docs>
      <footprints>
        <fp>LED*</fp>
        <fp>LED_SMD:*</fp>
        <fp>LED_THT:*</fp>
      </footprints>
      <fields>
        <field name="Reference">D</field>
        <field name="Value">LED</field>
        <field name="Datasheet">~</field>
      </fields>
      <pins>
        <pin num="1" name="K" type="passive"/>
        <pin num="2" name="A" type="passive"/>
      </pins>
    </libpart>
    <libpart lib="Device" part="R">
      <description>Resistor</description>
      <docs>~</docs>
      <footprints>
        <fp>R_*</fp>
      </footprints>
      <fields>
        <field name="Reference">R</field>
        <field name="Value">R</field>
        <field name="Datasheet">~</field>
      </fields>
      <pins>
        <pin num="1" name="" type="passive"/>
        <pin num="2" name="" type="passive"/>
      </pins>
    </libpart>
    <libpart lib="MCU_ST_STM32F1" part="STM32F103C8Tx">
      <description>STMicroelectronics Arm Cortex-M3 MCU, 64KB flash, 20KB RAM, 72 MHz, 2.0-3.6V, 37 GPIO, LQFP48</description>
      <docs>https://www.st.com/resource/en/datasheet/stm32f103c8.pdf</docs>
      <footprints>
        <fp>LQFP*7x7mm*P0.5mm*</fp>
      </footprints>
      <fields>
        <field name="Reference">U</field>
        <field name="Value">STM32F103C8Tx</field>
        <field name="Footprint">Package_QFP:LQFP-48_7x7mm_P0.5mm</field>
        <field name="Datasheet">https://www.st.com/resource/en/datasheet/stm32f103c8.pdf</field>
      </fields>
      <pins>
        <pin num="1" name="VBAT" type="power_in"/>
        <pin num="2" name="PC13" type="bidirectional"/>
        <pin num="3" name="PC14" type="bidirectional"/>
        <pin num="4" name="PC15" type="bidirectional"/>
        <pin num="5" name="PD0" type="bidirectional"/>
        <pin num="6" name="PD1" type="bidirectional"/>
        <pin num="7" name="NRST" type="input"/>
        <pin num="8" name="VSSA" type="power_in"/>
        <pin num="9" name="VDDA" type="power_in"/>
        <pin num="10" name="PA0" type="bidirectional"/>
        <pin num="11" name="PA1" type="bidirectional"/>
        <pin num="12" name="PA2" type="bidirectional"/>
        <pin num="13" name="PA3" type="bidirectional"/>
        <pin num="14" name="PA4" type="bidirectional"/>
        <pin num="15" name="PA5" type="bidirectional"/>
        <pin num="16" name="PA6" type="bidirectional"/>
        <pin num="17" name="PA7" type="bidirectional"/>
        <pin num="18" name="PB0" type="bidirectional"/>
        <pin num="19" name="PB1" type="bidirectional"/>
        <pin num="20" name="PB2" type="bidirectional"/>
        <pin num="21" name="PB10" type="bidirectional"/>
        <pin num="22" name="PB11" type="bidirectional"/>
        <pin num="23" name="VSS" type="power_in"/>
        <pin num="24" name="VDD" type="power_in"/>
        <pin num="25" name="PB12" type="bidirectional"/>
        <pin num="26" name="PB13" type="bidirectional"/>
        <pin num="27" name="PB14" type="bidirectional"/>
        <pin num="28" name="PB15" type="bidirectional"/>
        <pin num="29" name="PA8" type="bidirectional"/>
        <pin num="30" name="PA9" type="bidirectional"/>
        <pin num="31" name="PA10" type="bidirectional"/>
        <pin num="32" name="PA11" type="bidirectional"/>
        <pin num="33" name="PA12" type="bidirectional"/>
        <pin num="34" name="PA13" type="bidirectional"/>
        <pin num="35" name="VSS" type="passive"/>
        <pin num="36" name="VDD" type="power_in"/>
        <pin num="37" name="PA14" type="bidirectional"/>
        <pin num="38" name="PA15" type="bidirectional"/>
        <pin num="39" name="PB3" type="bidirectional"/>
        <pin num="40" name="PB4" type="bidirectional"/>
        <pin num="41" name="PB5" type="bidirectional"/>
        <pin num="42" name="PB6" type="bidirectional"/>
        <pin num="43" name="PB7" type="bidirectional"/>
        <pin num="44" name="BOOT0" type="input"/>
        <pin num="45" name="PB8" type="bidirectional"/>
        <pin num="46" name="PB9" type="bidirectional"/>
        <pin num="47" name="VSS" type="passive"/>
        <pin num="48" name="VDD" type="power_in"/>
      </pins>
    </libpart>
    <libpart lib="Mechanical" part="MountingHole">
      <description>Mounting Hole without connection</description>
      <docs>~</docs>
      <footprints>
        <fp>MountingHole*</fp>
      </footprints>
      <fields>
        <field name="Reference">H</field>
        <field name="Value">MountingHole</field>
        <field name="Datasheet">~</field>
      </fields>
    </libpart>
    <libpart lib="Regulator_Linear" part="AMS1117-3.3">
      <description>1A Low Dropout regulator, positive, 3.3V fixed output, SOT-223</description>
      <docs>http://www.advanced-monolithic.com/pdf/ds1117.pdf</docs>
      <footprints>
        <fp>SOT?223*TabPin2*</fp>
      </footprints>
      <fields>
        <field name="Reference">U</field>
        <field name="Value">AMS1117-3.3</field>
        <field name="Footprint">Package_TO_SOT_SMD:SOT-223-3_TabPin2</field>
        <field name="Datasheet">http://www.advanced-monolithic.com/pdf/ds1117.pdf</field>
      </fields>
      <pins>
        <pin num="1" name="GND" type="power_in"/>
        <pin num="2" name="VO" type="power_out"/>
        <pin num="3" name="VI" type="power_in"/>
      </pins>
    </libpart>
    <libpart lib="Switch" part="SW_SPDT">
      <description>Switch, single pole double throw</description>
      <docs>~</docs>
      <fields>
        <field name="Reference">SW</field>
        <field name="Value">SW_SPDT</field>
        <field name="Datasheet">~</field>
      </fields>
      <pins>
        <pin num="1" name="A" type="passive"/>
        <pin num="2" name="B" type="passive"/>
        <pin num="3" name="C" type="passive"/>
      </pins>
    </libpart>
  </libparts>
  <libraries>
    <library logical="Connector">
      <uri>/Applications/KiCad/KiCad.app/Contents/SharedSupport/symbols//Connector.kicad_sym</uri>
    </library>
    <library logical="Device">
      <uri>/Applications/KiCad/KiCad.app/Contents/SharedSupport/symbols//Device.kicad_sym</uri>
    </library>
    <library logical="MCU_ST_STM32F1">
      <uri>/Applications/KiCad/KiCad.app/Contents/SharedSupport/symbols//MCU_ST_STM32F1.kicad_sym</uri>
    </library>
    <library logical="Mechanical">
      <uri>/Applications/KiCad/KiCad.app/Contents/SharedSupport/symbols//Mechanical.kicad_sym</uri>
    </library>
    <library logical="Regulator_Linear">
      <uri>/Applications/KiCad/KiCad.app/Contents/SharedSupport/symbols//Regulator_Linear.kicad_sym</uri>
    </library>
    <library logical="Switch">
      <uri>/Applications/KiCad/KiCad.app/Contents/SharedSupport/symbols//Switch.kicad_sym</uri>
    </library>
  </libraries>
  <nets>
    <net code="1" name="+3.3V">
      <node ref="C10" pin="1" pintype="passive"/>
      <node ref="C2" pin="1" pintype="passive"/>
      <node ref="C3" pin="1" pintype="passive"/>
      <node ref="C4" pin="1" pintype="passive"/>
      <node ref="C5" pin="1" pintype="passive"/>
      <node ref="C6" pin="1" pintype="passive"/>
      <node ref="C7" pin="1" pintype="passive"/>
      <node ref="D1" pin="2" pinfunction="A" pintype="passive"/>
      <node ref="FB1" pin="2" pintype="passive"/>
      <node ref="J2" pin="1" pinfunction="Pin_1" pintype="passive"/>
      <node ref="J3" pin="1" pinfunction="Pin_1" pintype="passive"/>
      <node ref="J4" pin="1" pinfunction="Pin_1" pintype="passive"/>
      <node ref="R3" pin="1" pintype="passive"/>
      <node ref="R4" pin="1" pintype="passive"/>
      <node ref="R5" pin="1" pintype="passive"/>
      <node ref="SW1" pin="3" pinfunction="C" pintype="passive"/>
      <node ref="U1" pin="2" pinfunction="VO" pintype="power_out"/>
      <node ref="U2" pin="1" pinfunction="VBAT" pintype="power_in"/>
      <node ref="U2" pin="24" pinfunction="VDD" pintype="power_in"/>
      <node ref="U2" pin="36" pinfunction="VDD" pintype="power_in"/>
      <node ref="U2" pin="48" pinfunction="VDD" pintype="power_in"/>
    </net>
    <net code="2" name="+3.3VA">
      <node ref="C8" pin="1" pintype="passive"/>
      <node ref="C9" pin="1" pintype="passive"/>
      <node ref="FB1" pin="1" pintype="passive"/>
      <node ref="U2" pin="9" pinfunction="VDDA" pintype="power_in"/>
    </net>
    <net code="3" name="/BOOT0">
      <node ref="R2" pin="2" pintype="passive"/>
      <node ref="U2" pin="44" pinfunction="BOOT0" pintype="input"/>
    </net>
    <net code="4" name="/HSE_IN">
      <node ref="C12" pin="1" pintype="passive"/>
      <node ref="U2" pin="5" pinfunction="PD0" pintype="bidirectional"/>
      <node ref="Y1" pin="1" pinfunction="1" pintype="passive"/>
    </net>
    <net code="5" name="/HSE_OUT">
      <node ref="C13" pin="1" pintype="passive"/>
      <node ref="U2" pin="6" pinfunction="PD1" pintype="bidirectional"/>
      <node ref="Y1" pin="3" pinfunction="3" pintype="passive"/>
    </net>
    <net code="6" name="/I2C2_SCL">
      <node ref="J4" pin="2" pinfunction="Pin_2" pintype="passive"/>
      <node ref="R4" pin="2" pintype="passive"/>
      <node ref="U2" pin="21" pinfunction="PB10" pintype="bidirectional"/>
    </net>
    <net code="7" name="/I2C2_SDA">
      <node ref="J4" pin="3" pinfunction="Pin_3" pintype="passive"/>
      <node ref="R5" pin="2" pintype="passive"/>
      <node ref="U2" pin="22" pinfunction="PB11" pintype="bidirectional"/>
    </net>
    <net code="8" name="/NRST">
      <node ref="C11" pin="1" pintype="passive"/>
      <node ref="U2" pin="7" pinfunction="NRST" pintype="input"/>
    </net>
    <net code="9" name="/PWR_LED_K">
      <node ref="D1" pin="1" pinfunction="K" pintype="passive"/>
      <node ref="R1" pin="1" pintype="passive"/>
    </net>
    <net code="10" name="/SWCLK">
      <node ref="J3" pin="3" pinfunction="Pin_3" pintype="passive"/>
      <node ref="U2" pin="37" pinfunction="PA14" pintype="bidirectional"/>
    </net>
    <net code="11" name="/SWDIO">
      <node ref="J3" pin="2" pinfunction="Pin_2" pintype="passive"/>
      <node ref="U2" pin="34" pinfunction="PA13" pintype="bidirectional"/>
    </net>
    <net code="12" name="/SW_BOOT0">
      <node ref="R2" pin="1" pintype="passive"/>
      <node ref="SW1" pin="2" pinfunction="B" pintype="passive"/>
    </net>
    <net code="13" name="/USART1_RX">
      <node ref="J2" pin="3" pinfunction="Pin_3" pintype="passive"/>
      <node ref="U2" pin="43" pinfunction="PB7" pintype="bidirectional"/>
    </net>
    <net code="14" name="/USART1_TX">
      <node ref="J2" pin="2" pinfunction="Pin_2" pintype="passive"/>
      <node ref="U2" pin="42" pinfunction="PB6" pintype="bidirectional"/>
    </net>
    <net code="15" name="/USB_D+">
      <node ref="J1" pin="3" pinfunction="D+" pintype="bidirectional"/>
      <node ref="R3" pin="2" pintype="passive"/>
      <node ref="U2" pin="33" pinfunction="PA12" pintype="bidirectional"/>
    </net>
    <net code="16" name="/USB_D-">
      <node ref="J1" pin="2" pinfunction="D-" pintype="bidirectional"/>
      <node ref="U2" pin="32" pinfunction="PA11" pintype="bidirectional"/>
    </net>
    <net code="17" name="GND">
      <node ref="C1" pin="2" pintype="passive"/>
      <node ref="C10" pin="2" pintype="passive"/>
      <node ref="C11" pin="2" pintype="passive"/>
      <node ref="C12" pin="2" pintype="passive"/>
      <node ref="C13" pin="2" pintype="passive"/>
      <node ref="C2" pin="2" pintype="passive"/>
      <node ref="C3" pin="2" pintype="passive"/>
      <node ref="C4" pin="2" pintype="passive"/>
      <node ref="C5" pin="2" pintype="passive"/>
      <node ref="C6" pin="2" pintype="passive"/>
      <node ref="C7" pin="2" pintype="passive"/>
      <node ref="C8" pin="2" pintype="passive"/>
      <node ref="C9" pin="2" pintype="passive"/>
      <node ref="J1" pin="5" pinfunction="GND" pintype="power_out"/>
      <node ref="J1" pin="6" pinfunction="Shield" pintype="passive"/>
      <node ref="J2" pin="4" pinfunction="Pin_4" pintype="passive"/>
      <node ref="J3" pin="4" pinfunction="Pin_4" pintype="passive"/>
      <node ref="J4" pin="4" pinfunction="Pin_4" pintype="passive"/>
      <node ref="R1" pin="2" pintype="passive"/>
      <node ref="SW1" pin="1" pinfunction="A" pintype="passive"/>
      <node ref="U1" pin="1" pinfunction="GND" pintype="power_in"/>
      <node ref="U2" pin="23" pinfunction="VSS" pintype="power_in"/>
      <node ref="U2" pin="35" pinfunction="VSS" pintype="passive"/>
      <node ref="U2" pin="47" pinfunction="VSS" pintype="passive"/>
      <node ref="U2" pin="8" pinfunction="VSSA" pintype="power_in"/>
      <node ref="Y1" pin="2" pinfunction="2" pintype="passive"/>
      <node ref="Y1" pin="4" pinfunction="4" pintype="passive"/>
    </net>
    <net code="18" name="VBUS">
      <node ref="C1" pin="1" pintype="passive"/>
      <node ref="J1" pin="1" pinfunction="VBUS" pintype="power_out"/>
      <node ref="U1" pin="3" pinfunction="VI" pintype="power_in"/>
    </net>
    <net code="19" name="unconnected-(J1-ID-Pad4)">
      <node ref="J1" pin="4" pinfunction="ID" pintype="passive+no_connect"/>
    </net>
    <net code="20" name="unconnected-(U2-PA0-Pad10)">
      <node ref="U2" pin="10" pinfunction="PA0" pintype="bidirectional+no_connect"/>
    </net>
    <net code="21" name="unconnected-(U2-PA1-Pad11)">
      <node ref="U2" pin="11" pinfunction="PA1" pintype="bidirectional+no_connect"/>
    </net>
    <net code="22" name="unconnected-(U2-PA2-Pad12)">
      <node ref="U2" pin="12" pinfunction="PA2" pintype="bidirectional+no_connect"/>
    </net>
    <net code="23" name="unconnected-(U2-PA3-Pad13)">
      <node ref="U2" pin="13" pinfunction="PA3" pintype="bidirectional+no_connect"/>
    </net>
    <net code="24" name="unconnected-(U2-PA4-Pad14)">
      <node ref="U2" pin="14" pinfunction="PA4" pintype="bidirectional+no_connect"/>
    </net>
    <net code="25" name="unconnected-(U2-PA5-Pad15)">
      <node ref="U2" pin="15" pinfunction="PA5" pintype="bidirectional+no_connect"/>
    </net>
    <net code="26" name="unconnected-(U2-PA6-Pad16)">
      <node ref="U2" pin="16" pinfunction="PA6" pintype="bidirectional+no_connect"/>
    </net>
    <net code="27" name="unconnected-(U2-PA7-Pad17)">
      <node ref="U2" pin="17" pinfunction="PA7" pintype="bidirectional+no_connect"/>
    </net>
    <net code="28" name="unconnected-(U2-PA8-Pad29)">
      <node ref="U2" pin="29" pinfunction="PA8" pintype="bidirectional+no_connect"/>
    </net>
    <net code="29" name="unconnected-(U2-PA9-Pad30)">
      <node ref="U2" pin="30" pinfunction="PA9" pintype="bidirectional+no_connect"/>
    </net>
    <net code="30" name="unconnected-(U2-PA10-Pad31)">
      <node ref="U2" pin="31" pinfunction="PA10" pintype="bidirectional+no_connect"/>
    </net>
    <net code="31" name="unconnected-(U2-PA15-Pad38)">
      <node ref="U2" pin="38" pinfunction="PA15" pintype="bidirectional+no_connect"/>
    </net>
    <net code="32" name="unconnected-(U2-PB0-Pad18)">
      <node ref="U2" pin="18" pinfunction="PB0" pintype="bidirectional+no_connect"/>
    </net>
    <net code="33" name="unconnected-(U2-PB1-Pad19)">
      <node ref="U2" pin="19" pinfunction="PB1" pintype="bidirectional+no_connect"/>
    </net>
    <net code="34" name="unconnected-(U2-PB2-Pad20)">
      <node ref="U2" pin="20" pinfunction="PB2" pintype="bidirectional+no_connect"/>
    </net>
    <net code="35" name="unconnected-(U2-PB3-Pad39)">
      <node ref="U2" pin="39" pinfunction="PB3" pintype="bidirectional+no_connect"/>
    </net>
    <net code="36" name="unconnected-(U2-PB4-Pad40)">
      <node ref="U2" pin="40" pinfunction="PB4" pintype="bidirectional+no_connect"/>
    </net>
    <net code="37" name="unconnected-(U2-PB5-Pad41)">
      <node ref="U2" pin="41" pinfunction="PB5" pintype="bidirectional+no_connect"/>
    </net>
    <net code="38" name="unconnected-(U2-PB8-Pad45)">
      <node ref="U2" pin="45" pinfunction="PB8" pintype="bidirectional+no_connect"/>
    </net>
    <net code="39" name="unconnected-(U2-PB9-Pad46)">
      <node ref="U2" pin="46" pinfunction="PB9" pintype="bidirectional+no_connect"/>
    </net>
    <net code="40" name="unconnected-(U2-PB12-Pad25)">
      <node ref="U2" pin="25" pinfunction="PB12" pintype="bidirectional+no_connect"/>
    </net>
    <net code="41" name="unconnected-(U2-PB13-Pad26)">
      <node ref="U2" pin="26" pinfunction="PB13" pintype="bidirectional+no_connect"/>
    </net>
    <net code="42" name="unconnected-(U2-PB14-Pad27)">
      <node ref="U2" pin="27" pinfunction="PB14" pintype="bidirectional+no_connect"/>
    </net>
    <net code="43" name="unconnected-(U2-PB15-Pad28)">
      <node ref="U2" pin="28" pinfunction="PB15" pintype="bidirectional+no_connect"/>
    </net>
    <net code="44" name="unconnected-(U2-PC13-Pad2)">
      <node ref="U2" pin="2" pinfunction="PC13" pintype="bidirectional+no_connect"/>
    </net>
    <net code="45" name="unconnected-(U2-PC14-Pad3)">
      <node ref="U2" pin="3" pinfunction="PC14" pintype="bidirectional+no_connect"/>
    </net>
    <net code="46" name="unconnected-(U2-PC15-Pad4)">
      <node ref="U2" pin="4" pinfunction="PC15" pintype="bidirectional+no_connect"/>
    </net>
  </nets>
</export>
